summary,comment_score
count,1834140
mean,4.352661192711571
stddev,13.546681999290229
min,-126
max,1259
