,model,dataset,accuracy,f1_score,precision,recall
0,Logistic Regression,Test,0.3742478941034898,0.33422349053900147,0.35817681862449735,0.3742478941034898
1,Logistic Regression,Validation,0.3695150115473441,0.32770042051167386,0.3349027738326067,0.3695150115473441
2,SVM,Test,0.36341756919374246,0.3657907123873978,0.37745118243043746,0.3634175691937424
3,SVM,Validation,0.384526558891455,0.38580619405067584,0.3900061142186233,0.3845265588914549
4,Random Forest,Test,0.24067388688327315,0.12061611047768003,0.22101819882255436,0.24067388688327315
5,Random Forest,Validation,0.22632794457274827,0.10416525729664226,0.19741022864336344,0.22632794457274827
