Feature,Coefficient
AGE,0.03179601101330407
HEIGHT,-0.19959720123631744
WEIGHT,0.04313452654456968
SEX_MALE,3.25554748843554
ACTIVITY LEVEL MODERATE,-2.884871240349511
ACTIVITY LEVEL HIGH,0.6074461320511451
E,0.05783299634652209
S,-0.18362926014703826
T,0.13523399968264194
J,0.21591376204509188
POSTURE_A,1.382146443432637
POSTURE_D,-4.285250650791709
POSTURE_C,3.4091199194193313
Intercept,14.088750725633938
