,topic,termIndices,termWeights,topic_words
0,0,[  2   3  52 137   1 174 197   0 207 239],"[0.07320159 0.07172727 0.01203902 0.00986506 0.00817236 0.00807884
 0.00678885 0.00645119 0.00640467 0.00630124]","['user, deleted, say, youre, mbti, sensors, common, type, intuitives, years']"
1,1,[ 28  90  45  10   0   6  66   1 177   5],"[0.02081014 0.0132835  0.01223422 0.01127135 0.01111175 0.01060686
 0.01005861 0.00989537 0.00851881 0.00815174]","['family, dynamics, isfp, likely, type, guess, dynamic, mbti, true, like']"
2,2,[ 63 115   0  84   1 164 173 181 258 216],"[0.01242351 0.01107219 0.00960197 0.00925535 0.00775601 0.00632367
 0.00628441 0.0059666  0.00587228 0.00584934]","['question, questions, type, cant, mbti, others, ill, differences, doms, curious']"
3,3,[ 4 11 12 14 15 26 18  5 23 56],"[0.01928094 0.01484883 0.01470303 0.01363806 0.01346101 0.01287768
 0.01261807 0.01187746 0.01021011 0.00899803]","['im, infp, intp, intj, entp, enfp, infj, like, know, enfj']"
4,4,[  7  24  89  73  17   0  58  79   1 186],"[0.02037114 0.01957935 0.01473427 0.013314   0.01296153 0.01244671
 0.01185036 0.01169688 0.01153281 0.00726399]","[', whats, typing, thoughts, personality, type, need, relationship, mbti, advice']"
5,5,[ 10  60   0  68  67 153 146 125  64 159],"[0.01803781 0.01749272 0.01340954 0.01227754 0.01168368 0.01090852
 0.00997957 0.00963351 0.00911508 0.0090344 ]","['likely, intuitive, type, enneagram, mean, judging, personalities, 16, friends, introvert']"
6,6,[ 0  6  1 13 19 29  9 16 39 40],"[0.03474606 0.02392615 0.02147374 0.01984061 0.01835724 0.01588844
 0.01521347 0.01475763 0.01319388 0.0119934 ]","['type, guess, mbti, help, based, results, think, test, best, please']"
7,7,[ 74 175 182 140   1  80 109 113 273 270],"[0.01404988 0.01047015 0.01043404 0.00873602 0.00840852 0.00812519
 0.00776668 0.00674149 0.00659729 0.00652476]","['love, looking, social, infjs, mbti, esfp, accurate, use, interpret, often']"
8,8,[ 33  41  32  42 104   4  83 101  28 191],"[0.02530466 0.02404224 0.01404252 0.01362792 0.01279363 0.0097867
 0.00960258 0.00907499 0.00857987 0.00832076]","['ask, anything, make, friend, assumptions, im, group, female, family, bored']"
9,9,[27 47 43 50 53 61 85 76 75 48],"[0.01596055 0.01535442 0.01397677 0.01377512 0.01291914 0.01164752
 0.01137885 0.0106828  0.01036936 0.01006678]","['function, ni, fi, fe, ne, ti, explain, te, se, estp']"
